Number of Clients, Time
10, b'[359.927500]us\n'
20, b'[426.186471]us\n'
30, b'[351.237600]us\n'
40, b'[17303.554250]us\n'
50, b'[19310.881200]us\n'
60, b'[78157.809138]us\n'
70, b'[1402.973929]us\n'
80, b'[3679.855846]us\n'
90, b'[267461.833721]us\n'
100, b'[392802.575761]us\n'
